datestamp,co2
29/03/1958,316.1
05/04/1958,317.3
12/04/1958,317.6
19/04/1958,317.5
26/04/1958,316.4
03/05/1958,316.9
10/05/1958,
17/05/1958,317.5
24/05/1958,317.9
31/05/1958,
07/06/1958,
14/06/1958,
21/06/1958,
28/06/1958,
05/07/1958,315.8
12/07/1958,315.8
19/07/1958,315.4
26/07/1958,315.5
02/08/1958,315.6
09/08/1958,315.1
16/08/1958,315
23/08/1958,
30/08/1958,314.1
06/09/1958,313.5
13/09/1958,
20/09/1958,
27/09/1958,
04/10/1958,
11/10/1958,
18/10/1958,
25/10/1958,
01/11/1958,
08/11/1958,313
15/11/1958,313.2
22/11/1958,313.5
29/11/1958,314
06/12/1958,314.5
13/12/1958,314.4
20/12/1958,314.7
27/12/1958,315.2
03/01/1959,315.2
10/01/1959,315.5
17/01/1959,315.6
24/01/1959,315.8
31/01/1959,315.4
07/02/1959,
14/02/1959,316.9
21/02/1959,316.6
28/02/1959,316.6
07/03/1959,316.8
14/03/1959,
21/03/1959,316.7
28/03/1959,316.7
04/04/1959,317.7
11/04/1959,317.1
18/04/1959,317.6
25/04/1959,318.3
02/05/1959,318.2
09/05/1959,318.7
16/05/1959,318
23/05/1959,318.4
30/05/1959,
06/06/1959,318.5
13/06/1959,318.1
20/06/1959,317.8
27/06/1959,317.7
04/07/1959,316.8
11/07/1959,316.8
18/07/1959,316.4
25/07/1959,316.1
01/08/1959,315.6
08/08/1959,314.9
15/08/1959,
22/08/1959,315
29/08/1959,314.1
05/09/1959,314.4
12/09/1959,313.9
19/09/1959,313.5
26/09/1959,313.5
03/10/1959,313
10/10/1959,313.1
17/10/1959,313.4
24/10/1959,313.4
31/10/1959,314.1
07/11/1959,314.4
14/11/1959,314.8
21/11/1959,315.2
28/11/1959,315.1
05/12/1959,315
12/12/1959,315.6
19/12/1959,315.8
26/12/1959,315.7
02/01/1960,315.7
09/01/1960,316.4
16/01/1960,316.7
23/01/1960,316.5
30/01/1960,316.6
06/02/1960,316.6
13/02/1960,316.9
20/02/1960,317.4
27/02/1960,317
05/03/1960,316.9
12/03/1960,317.7
19/03/1960,318
26/03/1960,317.7
02/04/1960,318.6
09/04/1960,319.3
16/04/1960,319
23/04/1960,319
30/04/1960,319.7
07/05/1960,319.9
14/05/1960,319.8
21/05/1960,320
28/05/1960,320
04/06/1960,319.4
11/06/1960,320
18/06/1960,319.4
25/06/1960,319
02/07/1960,318.1
09/07/1960,318.6
16/07/1960,318.4
23/07/1960,317.9
30/07/1960,317.3
06/08/1960,316.6
13/08/1960,316.7
20/08/1960,315.1
27/08/1960,314.7
03/09/1960,314.7
10/09/1960,314.5
17/09/1960,314.2
24/09/1960,313.3
01/10/1960,313.6
08/10/1960,313.3
15/10/1960,313.9
22/10/1960,314.2
29/10/1960,314.2
05/11/1960,314.5
12/11/1960,315.1
19/11/1960,315.1
26/11/1960,315.4
03/12/1960,315.8
10/12/1960,316
17/12/1960,316.2
24/12/1960,316.4
31/12/1960,316.6
07/01/1961,316.7
14/01/1961,317
21/01/1961,317
28/01/1961,317
04/02/1961,317
11/02/1961,317.7
18/02/1961,317.9
25/02/1961,318
04/03/1961,318
11/03/1961,318.5
18/03/1961,318.9
25/03/1961,318.7
01/04/1961,319.4
08/04/1961,319.5
15/04/1961,318.9
22/04/1961,319.7
29/04/1961,319.6
06/05/1961,320.6
13/05/1961,320.4
20/05/1961,320.6
27/05/1961,320.3
03/06/1961,320
10/06/1961,320
17/06/1961,319.6
24/06/1961,319.4
01/07/1961,319.2
08/07/1961,319
15/07/1961,318.4
22/07/1961,317.1
29/07/1961,317.9
05/08/1961,317.9
12/08/1961,317.3
19/08/1961,316.7
26/08/1961,315.2
02/09/1961,315.2
09/09/1961,314.9
16/09/1961,314.5
23/09/1961,315
30/09/1961,315.6
07/10/1961,314.9
14/10/1961,315.4
21/10/1961,315.4
28/10/1961,315.7
04/11/1961,315.8
11/11/1961,315.7
18/11/1961,316.2
25/11/1961,316.5
02/12/1961,316.5
09/12/1961,317
16/12/1961,316.9
23/12/1961,317.1
30/12/1961,317.4
06/01/1962,317.9
13/01/1962,318.1
20/01/1962,318
27/01/1962,317.7
03/02/1962,318
10/02/1962,318.3
17/02/1962,318.9
24/02/1962,319.3
03/03/1962,319.2
10/03/1962,319.4
17/03/1962,319.9
24/03/1962,319.7
31/03/1962,320.2
07/04/1962,320.2
14/04/1962,321
21/04/1962,320.7
28/04/1962,320.3
05/05/1962,320.8
12/05/1962,320.7
19/05/1962,321
26/05/1962,321.1
02/06/1962,320.9
09/06/1962,320.8
16/06/1962,320.5
23/06/1962,320.1
30/06/1962,320.2
07/07/1962,320.1
14/07/1962,319.9
21/07/1962,319
28/07/1962,318.7
04/08/1962,318.6
11/08/1962,317.2
18/08/1962,317.4
25/08/1962,
01/09/1962,
08/09/1962,
15/09/1962,316.6
22/09/1962,315.7
29/09/1962,315.9
06/10/1962,315.1
13/10/1962,315.4
20/10/1962,315.7
27/10/1962,315.7
03/11/1962,315.9
10/11/1962,316.4
17/11/1962,316.9
24/11/1962,317
01/12/1962,317.1
08/12/1962,317.3
15/12/1962,317.6
22/12/1962,318.1
29/12/1962,
05/01/1963,318.5
12/01/1963,318.7
19/01/1963,318.9
26/01/1963,318.8
02/02/1963,318.7
09/02/1963,318.9
16/02/1963,
23/02/1963,319.3
02/03/1963,319.3
09/03/1963,319.7
16/03/1963,319.8
23/03/1963,320.3
30/03/1963,320.2
06/04/1963,320.3
13/04/1963,320.9
20/04/1963,322
27/04/1963,321.9
04/05/1963,
11/05/1963,321.9
18/05/1963,322.2
25/05/1963,322.2
01/06/1963,322.3
08/06/1963,322
15/06/1963,321.8
22/06/1963,320.8
29/06/1963,320.4
06/07/1963,320.1
13/07/1963,319.8
20/07/1963,319.5
27/07/1963,319
03/08/1963,318.6
10/08/1963,318.2
17/08/1963,317.7
24/08/1963,317.1
31/08/1963,316.4
07/09/1963,316.8
14/09/1963,315.9
21/09/1963,316
28/09/1963,315.9
05/10/1963,316.2
12/10/1963,315.6
19/10/1963,316.1
26/10/1963,316.3
02/11/1963,316.6
09/11/1963,316.8
16/11/1963,317.1
23/11/1963,
30/11/1963,317.5
07/12/1963,318
14/12/1963,318.2
21/12/1963,318.5
28/12/1963,318.7
04/01/1964,319
11/01/1964,319.4
18/01/1964,319.8
25/01/1964,
01/02/1964,
08/02/1964,
15/02/1964,
22/02/1964,
29/02/1964,
07/03/1964,
14/03/1964,
21/03/1964,
28/03/1964,
04/04/1964,
11/04/1964,
18/04/1964,
25/04/1964,
02/05/1964,
09/05/1964,
16/05/1964,
23/05/1964,
30/05/1964,322
06/06/1964,322
13/06/1964,
20/06/1964,
27/06/1964,321.5
04/07/1964,321.1
11/07/1964,319.9
18/07/1964,320.2
25/07/1964,320
01/08/1964,319.1
08/08/1964,
15/08/1964,318.6
22/08/1964,318.2
29/08/1964,318.1
05/09/1964,317.4
12/09/1964,316.5
19/09/1964,315.5
26/09/1964,317
03/10/1964,316.9
10/10/1964,316.5
17/10/1964,316.8
24/10/1964,317
31/10/1964,317.6
07/11/1964,317.7
14/11/1964,317.6
21/11/1964,317.5
28/11/1964,318.1
05/12/1964,318.4
12/12/1964,318.5
19/12/1964,318.9
26/12/1964,318.9
02/01/1965,319
09/01/1965,319.1
16/01/1965,319.1
23/01/1965,319.7
30/01/1965,320.1
06/02/1965,320.2
13/02/1965,320.1
20/02/1965,320.7
27/02/1965,320.8
06/03/1965,321
13/03/1965,320.9
20/03/1965,320.4
27/03/1965,321.4
03/04/1965,321.9
10/04/1965,322.2
17/04/1965,322.1
24/04/1965,321.8
01/05/1965,322.4
08/05/1965,322.2
15/05/1965,321.9
22/05/1965,321.6
29/05/1965,322.2
05/06/1965,321.8
12/06/1965,321.7
19/06/1965,321.7
26/06/1965,321.9
03/07/1965,321.9
10/07/1965,321.8
17/07/1965,321.7
24/07/1965,320.4
31/07/1965,319.4
07/08/1965,319.4
14/08/1965,318
21/08/1965,318.8
28/08/1965,318.7
04/09/1965,318.3
11/09/1965,318
18/09/1965,318.2
25/09/1965,316.8
02/10/1965,316.6
09/10/1965,317.2
16/10/1965,317.8
23/10/1965,317.5
30/10/1965,317.6
06/11/1965,318.3
13/11/1965,319.2
20/11/1965,318.9
27/11/1965,319.1
04/12/1965,319
11/12/1965,319.3
18/12/1965,319.3
25/12/1965,319.7
01/01/1966,319.6
08/01/1966,320.4
15/01/1966,320.6
22/01/1966,321
29/01/1966,321.1
05/02/1966,321.2
12/02/1966,321.7
19/02/1966,321.6
26/02/1966,321.8
05/03/1966,322.1
12/03/1966,322.1
19/03/1966,322.5
26/03/1966,322.8
02/04/1966,323.5
09/04/1966,323.6
16/04/1966,323.8
23/04/1966,323.9
30/04/1966,323.5
07/05/1966,324
14/05/1966,324.1
21/05/1966,323.7
28/05/1966,324.3
04/06/1966,324
11/06/1966,323.8
18/06/1966,323.7
25/06/1966,323.3
02/07/1966,322.8
09/07/1966,322.9
16/07/1966,
23/07/1966,
30/07/1966,
06/08/1966,321.3
13/08/1966,320.8
20/08/1966,319.1
27/08/1966,319.6
03/09/1966,319.9
10/09/1966,318.2
17/09/1966,318.4
24/09/1966,318.3
01/10/1966,317.9
08/10/1966,317.9
15/10/1966,318.2
22/10/1966,318.6
29/10/1966,318.3
05/11/1966,
12/11/1966,319.5
19/11/1966,320
26/11/1966,320.2
03/12/1966,320.8
10/12/1966,320.8
17/12/1966,321.1
24/12/1966,321.3
31/12/1966,321.3
07/01/1967,321.9
14/01/1967,322.9
21/01/1967,
28/01/1967,
04/02/1967,322.1
11/02/1967,322.2
18/02/1967,322.8
25/02/1967,322.6
04/03/1967,322.9
11/03/1967,322.6
18/03/1967,323.3
25/03/1967,323.2
01/04/1967,323.1
08/04/1967,324.2
15/04/1967,324.4
22/04/1967,324.6
29/04/1967,325.1
06/05/1967,325.2
13/05/1967,324.7
20/05/1967,325
27/05/1967,324.9
03/06/1967,324.9
10/06/1967,324.6
17/06/1967,323.3
24/06/1967,323.5
01/07/1967,322.8
08/07/1967,322.8
15/07/1967,322.4
22/07/1967,322.4
29/07/1967,322
05/08/1967,321.6
12/08/1967,321.4
19/08/1967,320.4
26/08/1967,320
02/09/1967,320
09/09/1967,319.4
16/09/1967,319.3
23/09/1967,319
30/09/1967,318.8
07/10/1967,318.8
14/10/1967,319.8
21/10/1967,319.4
28/10/1967,319.8
04/11/1967,320
11/11/1967,320.3
18/11/1967,320.9
25/11/1967,321.5
02/12/1967,321.4
09/12/1967,321.8
16/12/1967,322.2
23/12/1967,321.9
30/12/1967,322.3
06/01/1968,322.4
13/01/1968,322.5
20/01/1968,322.5
27/01/1968,322.8
03/02/1968,322.6
10/02/1968,323.1
17/02/1968,323.4
24/02/1968,323.1
02/03/1968,323.1
09/03/1968,323.8
16/03/1968,323.8
23/03/1968,324.2
30/03/1968,324.7
06/04/1968,324.7
13/04/1968,325
20/04/1968,324.8
27/04/1968,325.4
04/05/1968,325.6
11/05/1968,325
18/05/1968,325.5
25/05/1968,325.8
01/06/1968,325.6
08/06/1968,325.7
15/06/1968,325.5
22/06/1968,324.9
29/06/1968,324.6
06/07/1968,324.7
13/07/1968,324.1
20/07/1968,323.9
27/07/1968,323.4
03/08/1968,322.4
10/08/1968,322.2
17/08/1968,322
24/08/1968,321.7
31/08/1968,321.4
07/09/1968,320.4
14/09/1968,321.1
21/09/1968,319.7
28/09/1968,319.8
05/10/1968,320.5
12/10/1968,320.5
19/10/1968,320.2
26/10/1968,319.9
02/11/1968,320.7
09/11/1968,320.8
16/11/1968,321.4
23/11/1968,321.7
30/11/1968,322
07/12/1968,322.4
14/12/1968,322.9
21/12/1968,323.3
28/12/1968,323.1
04/01/1969,323.3
11/01/1969,324
18/01/1969,324.3
25/01/1969,324.1
01/02/1969,324.1
08/02/1969,323.9
15/02/1969,324.3
22/02/1969,324.8
01/03/1969,325.1
08/03/1969,325.5
15/03/1969,325.7
22/03/1969,325.9
29/03/1969,325.8
05/04/1969,326.2
12/04/1969,327.1
19/04/1969,326.5
26/04/1969,326.5
03/05/1969,327.5
10/05/1969,327.8
17/05/1969,326.8
24/05/1969,326.9
31/05/1969,327.4
07/06/1969,326.5
14/06/1969,326.7
21/06/1969,326.7
28/06/1969,326.3
05/07/1969,326.1
12/07/1969,326
19/07/1969,325.7
26/07/1969,325.4
02/08/1969,324.5
09/08/1969,324.5
16/08/1969,323.1
23/08/1969,322.5
30/08/1969,323.1
06/09/1969,322.2
13/09/1969,322.7
20/09/1969,322.8
27/09/1969,321.9
04/10/1969,321.5
11/10/1969,321.8
18/10/1969,322
25/10/1969,321.9
01/11/1969,322.2
08/11/1969,322.6
15/11/1969,322.7
22/11/1969,323.1
29/11/1969,323.5
06/12/1969,323.9
13/12/1969,323.9
20/12/1969,324.2
27/12/1969,324.5
03/01/1970,324.7
10/01/1970,325.4
17/01/1970,325
24/01/1970,324.8
31/01/1970,325.5
07/02/1970,325.7
14/02/1970,326
21/02/1970,326.3
28/02/1970,326.1
07/03/1970,326.8
14/03/1970,326.8
21/03/1970,327.5
28/03/1970,326.9
04/04/1970,328.2
11/04/1970,327.8
18/04/1970,327.8
25/04/1970,328.5
02/05/1970,327.9
09/05/1970,327.5
16/05/1970,328
23/05/1970,328.3
30/05/1970,327.9
06/06/1970,327.5
13/06/1970,327.8
20/06/1970,327.7
27/06/1970,327.2
04/07/1970,327.2
11/07/1970,326.2
18/07/1970,326.2
25/07/1970,325.6
01/08/1970,325.2
08/08/1970,325.2
15/08/1970,324.8
22/08/1970,324.8
29/08/1970,323.3
05/09/1970,322.9
12/09/1970,323.5
19/09/1970,323.1
26/09/1970,323.1
03/10/1970,323.2
10/10/1970,323.5
17/10/1970,322.9
24/10/1970,323
31/10/1970,323.1
07/11/1970,323.6
14/11/1970,323.7
21/11/1970,324.2
28/11/1970,324.7
05/12/1970,324.7
12/12/1970,325
19/12/1970,325.2
26/12/1970,325.5
02/01/1971,325.7
09/01/1971,325.8
16/01/1971,325.9
23/01/1971,326.7
30/01/1971,326.6
06/02/1971,326.5
13/02/1971,326.4
20/02/1971,326.7
27/02/1971,327
06/03/1971,327.1
13/03/1971,327.3
20/03/1971,327
27/03/1971,327.4
03/04/1971,327.4
10/04/1971,327.1
17/04/1971,327.7
24/04/1971,328.5
01/05/1971,328.2
08/05/1971,329
15/05/1971,329.2
22/05/1971,328.9
29/05/1971,328.8
05/06/1971,328.5
12/06/1971,328.8
19/06/1971,328.1
26/06/1971,328.5
03/07/1971,327.9
10/07/1971,327.8
17/07/1971,327.5
24/07/1971,326.2
31/07/1971,326.7
07/08/1971,326.1
14/08/1971,325.6
21/08/1971,325.3
28/08/1971,324
04/09/1971,323.6
11/09/1971,323.5
18/09/1971,323.2
25/09/1971,323.3
02/10/1971,323.3
09/10/1971,322.9
16/10/1971,323.5
23/10/1971,323.6
30/10/1971,324.4
06/11/1971,324.3
13/11/1971,324.5
20/11/1971,325
27/11/1971,325.5
04/12/1971,325.3
11/12/1971,325.9
18/12/1971,326.2
25/12/1971,326.3
01/01/1972,326.6
08/01/1972,326.6
15/01/1972,326.6
22/01/1972,326.6
29/01/1972,327.2
05/02/1972,327.4
12/02/1972,327.9
19/02/1972,327.8
26/02/1972,327.4
04/03/1972,327.5
11/03/1972,327.1
18/03/1972,327.7
25/03/1972,328.6
01/04/1972,328.9
08/04/1972,329.4
15/04/1972,329.8
22/04/1972,330.1
29/04/1972,330
06/05/1972,330
13/05/1972,329.7
20/05/1972,330.1
27/05/1972,330.2
03/06/1972,329.7
10/06/1972,329.1
17/06/1972,329
24/06/1972,328.5
01/07/1972,328.6
08/07/1972,328.3
15/07/1972,327.7
22/07/1972,328.1
29/07/1972,327.5
05/08/1972,326.9
12/08/1972,326.6
19/08/1972,326.5
26/08/1972,325
02/09/1972,325.4
09/09/1972,325.7
16/09/1972,324.8
23/09/1972,324.2
30/09/1972,324.2
07/10/1972,324.8
14/10/1972,325.5
21/10/1972,325.1
28/10/1972,325.8
04/11/1972,326.3
11/11/1972,326.1
18/11/1972,326.4
25/11/1972,326.9
02/12/1972,326.9
09/12/1972,327.1
16/12/1972,327.6
23/12/1972,327.9
30/12/1972,328.2
06/01/1973,328.4
13/01/1973,328.4
20/01/1973,328.6
27/01/1973,328.8
03/02/1973,329.1
10/02/1973,329.5
17/02/1973,329.6
24/02/1973,329.7
03/03/1973,329.9
10/03/1973,330.1
17/03/1973,330.5
24/03/1973,330.8
31/03/1973,330.6
07/04/1973,331.2
14/04/1973,331.1
21/04/1973,331.9
28/04/1973,332.1
05/05/1973,332.2
12/05/1973,332.3
19/05/1973,332.6
26/05/1973,332.5
02/06/1973,332.2
09/06/1973,332.5
16/06/1973,332
23/06/1973,331.6
30/06/1973,331.4
07/07/1973,331.5
14/07/1973,331
21/07/1973,330
28/07/1973,330.1
04/08/1973,330
11/08/1973,329.5
18/08/1973,329.3
25/08/1973,328.5
01/09/1973,328.4
08/09/1973,327.6
15/09/1973,327.8
22/09/1973,327.1
29/09/1973,326.6
06/10/1973,327
13/10/1973,327.4
20/10/1973,327.4
27/10/1973,327.1
03/11/1973,327.5
10/11/1973,328
17/11/1973,328.2
24/11/1973,328.5
01/12/1973,329
08/12/1973,328.7
15/12/1973,328.6
22/12/1973,328.2
29/12/1973,328.7
05/01/1974,328.9
12/01/1974,329.2
19/01/1974,329.4
26/01/1974,329.8
02/02/1974,330.5
09/02/1974,330.8
16/02/1974,330.6
23/02/1974,330.6
02/03/1974,330.7
09/03/1974,331.2
16/03/1974,332.1
23/03/1974,332
30/03/1974,331.5
06/04/1974,332.4
13/04/1974,332.1
20/04/1974,332.9
27/04/1974,333.1
04/05/1974,332.9
11/05/1974,333
18/05/1974,333.2
25/05/1974,332.8
01/06/1974,332.9
08/06/1974,332
15/06/1974,332
22/06/1974,332.2
29/06/1974,331.7
06/07/1974,331.7
13/07/1974,331.2
20/07/1974,330.4
27/07/1974,331
03/08/1974,330
10/08/1974,329.9
17/08/1974,329.2
24/08/1974,328.9
31/08/1974,328.1
07/09/1974,328
14/09/1974,327.3
21/09/1974,326.9
28/09/1974,327.3
05/10/1974,327.3
12/10/1974,327
19/10/1974,327.5
26/10/1974,327.7
02/11/1974,327.9
09/11/1974,328
16/11/1974,328.8
23/11/1974,328.6
30/11/1974,328.7
07/12/1974,329.5
14/12/1974,329.7
21/12/1974,329.8
28/12/1974,329.7
04/01/1975,329.9
11/01/1975,329.8
18/01/1975,330.2
25/01/1975,331.1
01/02/1975,331.1
08/02/1975,331.4
15/02/1975,331
22/02/1975,331.7
01/03/1975,331.8
08/03/1975,331.6
15/03/1975,331.9
22/03/1975,332.2
29/03/1975,332.5
05/04/1975,333
12/04/1975,333.5
19/04/1975,333.5
26/04/1975,333.1
03/05/1975,333.9
10/05/1975,333.9
17/05/1975,333.7
24/05/1975,333.7
31/05/1975,334.1
07/06/1975,333.8
14/06/1975,333.3
21/06/1975,333.4
28/06/1975,333.1
05/07/1975,332.7
12/07/1975,332
19/07/1975,331
26/07/1975,331.5
02/08/1975,330.8
09/08/1975,330.7
16/08/1975,330.3
23/08/1975,329.3
30/08/1975,328.8
06/09/1975,329.4
13/09/1975,328.5
20/09/1975,328
27/09/1975,328.2
04/10/1975,328
11/10/1975,328
18/10/1975,328.5
25/10/1975,328.8
01/11/1975,329.3
08/11/1975,329.2
15/11/1975,329.1
22/11/1975,329.5
29/11/1975,330.1
06/12/1975,330.3
13/12/1975,330.5
20/12/1975,331.1
27/12/1975,331.2
03/01/1976,331.5
10/01/1976,331.5
17/01/1976,331.7
24/01/1976,331.8
31/01/1976,332.2
07/02/1976,332.1
14/02/1976,332.5
21/02/1976,333.2
28/02/1976,332.4
06/03/1976,332.8
13/03/1976,333.6
20/03/1976,333.1
27/03/1976,334.3
03/04/1976,334.7
10/04/1976,334.2
17/04/1976,334.4
24/04/1976,334.5
01/05/1976,334.7
08/05/1976,334.3
15/05/1976,334.6
22/05/1976,335.4
29/05/1976,334.8
05/06/1976,334.3
12/06/1976,334.6
19/06/1976,334.3
26/06/1976,
03/07/1976,333.6
10/07/1976,333.4
17/07/1976,332.8
24/07/1976,332.4
31/07/1976,332.1
07/08/1976,331.7
14/08/1976,330.6
21/08/1976,330.6
28/08/1976,330
04/09/1976,329.7
11/09/1976,330
18/09/1976,329.3
25/09/1976,328.4
02/10/1976,328.8
09/10/1976,329
16/10/1976,329.6
23/10/1976,329.1
30/10/1976,329
06/11/1976,329.8
13/11/1976,330.4
20/11/1976,330.5
27/11/1976,330.7
04/12/1976,331.1
11/12/1976,331.3
18/12/1976,331.9
25/12/1976,332.2
01/01/1977,332.5
08/01/1977,332.4
15/01/1977,333.1
22/01/1977,333.2
29/01/1977,333.2
05/02/1977,333.4
12/02/1977,333.3
19/02/1977,333.4
26/02/1977,333.6
05/03/1977,334.1
12/03/1977,334.6
19/03/1977,335.1
26/03/1977,335
02/04/1977,335.5
09/04/1977,335.9
16/04/1977,336
23/04/1977,336.1
30/04/1977,336.7
07/05/1977,336.8
14/05/1977,336.4
21/05/1977,336.8
28/05/1977,336.7
04/06/1977,336.4
11/06/1977,336.3
18/06/1977,336.1
25/06/1977,336
02/07/1977,335.5
09/07/1977,335.1
16/07/1977,335.1
23/07/1977,334.6
30/07/1977,333.7
06/08/1977,333
13/08/1977,332.9
20/08/1977,332.8
27/08/1977,332.8
03/09/1977,332.1
10/09/1977,331.2
17/09/1977,332.1
24/09/1977,330.9
01/10/1977,330.4
08/10/1977,330.9
15/10/1977,331.5
22/10/1977,331.5
29/10/1977,331.7
05/11/1977,332.1
12/11/1977,332
19/11/1977,332.5
26/11/1977,332.8
03/12/1977,333.2
10/12/1977,333.5
17/12/1977,333.8
24/12/1977,334.2
31/12/1977,334.6
07/01/1978,334.2
14/01/1978,334.6
21/01/1978,335.4
28/01/1978,335.9
04/02/1978,335
11/02/1978,335.1
18/02/1978,335.6
25/02/1978,335.7
04/03/1978,336.2
11/03/1978,336.1
18/03/1978,336.8
25/03/1978,337.3
01/04/1978,337
08/04/1978,337.9
15/04/1978,337.9
22/04/1978,337.4
29/04/1978,338
06/05/1978,338
13/05/1978,338.1
20/05/1978,337.8
27/05/1978,337.9
03/06/1978,338.4
10/06/1978,338.2
17/06/1978,337.8
24/06/1978,337.3
01/07/1978,337.6
08/07/1978,336.7
15/07/1978,336.7
22/07/1978,335.9
29/07/1978,335.6
05/08/1978,335.1
12/08/1978,334.8
19/08/1978,334.4
26/08/1978,334.3
02/09/1978,333.8
09/09/1978,332.8
16/09/1978,332.1
23/09/1978,332.3
30/09/1978,332.7
07/10/1978,332.1
14/10/1978,332.4
21/10/1978,333
28/10/1978,333.1
04/11/1978,333.5
11/11/1978,333.8
18/11/1978,333.8
25/11/1978,334.2
02/12/1978,334.5
09/12/1978,334.8
16/12/1978,335.1
23/12/1978,335.1
30/12/1978,335.3
06/01/1979,335.3
13/01/1979,335.9
20/01/1979,336.8
27/01/1979,336.9
03/02/1979,336.9
10/02/1979,336.5
17/02/1979,336.7
24/02/1979,336.7
03/03/1979,337.1
10/03/1979,337.7
17/03/1979,337.4
24/03/1979,339
31/03/1979,338.8
07/04/1979,338.1
14/04/1979,338.6
21/04/1979,339.2
28/04/1979,339.6
05/05/1979,339.3
12/05/1979,338.8
19/05/1979,339.8
26/05/1979,339.6
02/06/1979,339.9
09/06/1979,339.5
16/06/1979,338.9
23/06/1979,338.9
30/06/1979,339
07/07/1979,338.2
14/07/1979,337.8
21/07/1979,337.3
28/07/1979,336.8
04/08/1979,337
11/08/1979,336.5
18/08/1979,336.1
25/08/1979,334.5
01/09/1979,334.4
08/09/1979,334
15/09/1979,334.2
22/09/1979,333.2
29/09/1979,334.1
06/10/1979,334.1
13/10/1979,333.9
20/10/1979,333.7
27/10/1979,334.1
03/11/1979,334.7
10/11/1979,334.8
17/11/1979,335.5
24/11/1979,335.6
01/12/1979,335.9
08/12/1979,336.5
15/12/1979,336.7
22/12/1979,336.8
29/12/1979,337.4
05/01/1980,337.6
12/01/1980,337.4
19/01/1980,338.3
26/01/1980,338.4
02/02/1980,338
09/02/1980,338.1
16/02/1980,338.6
23/02/1980,338.2
01/03/1980,339.3
08/03/1980,339.5
15/03/1980,340
22/03/1980,340.5
29/03/1980,341
05/04/1980,340.4
12/04/1980,340.9
19/04/1980,340.7
26/04/1980,341
03/05/1980,341.5
10/05/1980,341.3
17/05/1980,341.3
24/05/1980,340.9
31/05/1980,341.7
07/06/1980,341.3
14/06/1980,341.3
21/06/1980,340.8
28/06/1980,340.4
05/07/1980,340.4
12/07/1980,339.7
19/07/1980,338.5
26/07/1980,338.9
02/08/1980,337.9
09/08/1980,337.7
16/08/1980,337.7
23/08/1980,337.7
30/08/1980,337
06/09/1980,336.6
13/09/1980,335.7
20/09/1980,335.2
27/09/1980,336
04/10/1980,335.8
11/10/1980,335.8
18/10/1980,336.1
25/10/1980,336.4
01/11/1980,336.6
08/11/1980,336.9
15/11/1980,337.1
22/11/1980,337.3
29/11/1980,337.4
06/12/1980,337.7
13/12/1980,338.1
20/12/1980,338.3
27/12/1980,338.7
03/01/1981,338.9
10/01/1981,339.1
17/01/1981,339.3
24/01/1981,339.3
31/01/1981,339.5
07/02/1981,340.5
14/02/1981,340
21/02/1981,340.2
28/02/1981,341.1
07/03/1981,340.7
14/03/1981,341
21/03/1981,341.8
28/03/1981,342.1
04/04/1981,342.4
11/04/1981,342.4
18/04/1981,342.7
25/04/1981,342.3
02/05/1981,342.9
09/05/1981,343
16/05/1981,342.8
23/05/1981,342.7
30/05/1981,342.7
06/06/1981,342.6
13/06/1981,342.5
20/06/1981,341.8
27/06/1981,341.6
04/07/1981,341
11/07/1981,340.8
18/07/1981,339.7
25/07/1981,340.2
01/08/1981,339.5
08/08/1981,338.9
15/08/1981,338.4
22/08/1981,337.5
29/08/1981,337.7
05/09/1981,337.2
12/09/1981,337
19/09/1981,336.7
26/09/1981,335.9
03/10/1981,336.3
10/10/1981,336.6
17/10/1981,337.1
24/10/1981,337.2
31/10/1981,337.5
07/11/1981,337.8
14/11/1981,338.1
21/11/1981,338.5
28/11/1981,339.3
05/12/1981,339.2
12/12/1981,339.4
19/12/1981,339.6
26/12/1981,340.2
02/01/1982,340.2
09/01/1982,340.3
16/01/1982,340.7
23/01/1982,341.1
30/01/1982,341.2
06/02/1982,341.9
13/02/1982,341.1
20/02/1982,341.1
27/02/1982,342.1
06/03/1982,342.6
13/03/1982,342.6
20/03/1982,342.7
27/03/1982,342.8
03/04/1982,342.9
10/04/1982,343.3
17/04/1982,343.5
24/04/1982,344.2
01/05/1982,343.8
08/05/1982,343.6
15/05/1982,344.2
22/05/1982,344.1
29/05/1982,344.1
05/06/1982,343.4
12/06/1982,343.5
19/06/1982,343.4
26/06/1982,342.9
03/07/1982,342.5
10/07/1982,342
17/07/1982,342
24/07/1982,341.8
31/07/1982,341.3
07/08/1982,340.5
14/08/1982,340
21/08/1982,339.7
28/08/1982,338.3
04/09/1982,338.8
11/09/1982,338.6
18/09/1982,337.8
25/09/1982,336.9
02/10/1982,337.3
09/10/1982,338
16/10/1982,337.6
23/10/1982,337.9
30/10/1982,338.7
06/11/1982,338.4
13/11/1982,339.2
20/11/1982,339.7
27/11/1982,339.8
04/12/1982,339.8
11/12/1982,340.4
18/12/1982,340.7
25/12/1982,340.8
01/01/1983,340.9
08/01/1983,341.4
15/01/1983,341.5
22/01/1983,341.2
29/01/1983,341.7
05/02/1983,342
12/02/1983,342.7
19/02/1983,342.5
26/02/1983,342.8
05/03/1983,342.3
12/03/1983,342.5
19/03/1983,344
26/03/1983,343.8
02/04/1983,344
09/04/1983,344.8
16/04/1983,345
23/04/1983,345.3
30/04/1983,345.4
07/05/1983,345.4
14/05/1983,345.7
21/05/1983,345.8
28/05/1983,345.7
04/06/1983,345.6
11/06/1983,345.6
18/06/1983,345
25/06/1983,344.9
02/07/1983,344.7
09/07/1983,344.5
16/07/1983,343.7
23/07/1983,343.6
30/07/1983,342.6
06/08/1983,343
13/08/1983,341.7
20/08/1983,342.1
27/08/1983,341.8
03/09/1983,339.9
10/09/1983,339.9
17/09/1983,339.8
24/09/1983,339.9
01/10/1983,339.8
08/10/1983,339.7
15/10/1983,340.1
22/10/1983,340.2
29/10/1983,340.3
05/11/1983,340.8
12/11/1983,341
19/11/1983,341.1
26/11/1983,341.7
03/12/1983,341.8
10/12/1983,342.8
17/12/1983,343.3
24/12/1983,343.6
31/12/1983,343.4
07/01/1984,343.7
14/01/1984,343.4
21/01/1984,343.5
28/01/1984,344.1
04/02/1984,344.3
11/02/1984,344.5
18/02/1984,344.3
25/02/1984,344.6
03/03/1984,344.8
10/03/1984,344.9
17/03/1984,345.4
24/03/1984,345.6
31/03/1984,
07/04/1984,
14/04/1984,
21/04/1984,
28/04/1984,347.4
05/05/1984,347.4
12/05/1984,347.7
19/05/1984,347.3
26/05/1984,347
02/06/1984,347
09/06/1984,347
16/06/1984,346.8
23/06/1984,346.3
30/06/1984,346.2
07/07/1984,345.8
14/07/1984,345.4
21/07/1984,345.2
28/07/1984,344.4
04/08/1984,344
11/08/1984,344.1
18/08/1984,343.1
25/08/1984,342
01/09/1984,341.6
08/09/1984,340.6
15/09/1984,341.3
22/09/1984,341.3
29/09/1984,340.8
06/10/1984,341.1
13/10/1984,341.3
20/10/1984,341.9
27/10/1984,341.6
03/11/1984,342
10/11/1984,342.6
17/11/1984,343.1
24/11/1984,343.7
01/12/1984,343.6
08/12/1984,343.9
15/12/1984,344.2
22/12/1984,344.5
29/12/1984,344.5
05/01/1985,344.7
12/01/1985,345
19/01/1985,345
26/01/1985,345
02/02/1985,345.9
09/02/1985,345.5
16/02/1985,345.8
23/02/1985,346.3
02/03/1985,346.7
09/03/1985,347.1
16/03/1985,347.5
23/03/1985,347.7
30/03/1985,348.2
06/04/1985,348
13/04/1985,348
20/04/1985,348.5
27/04/1985,348.8
04/05/1985,348.8
11/05/1985,349.3
18/05/1985,349.1
25/05/1985,348.1
01/06/1985,349
08/06/1985,348.4
15/06/1985,348.2
22/06/1985,347.9
29/06/1985,347.4
06/07/1985,346.9
13/07/1985,346.8
20/07/1985,346.4
27/07/1985,345.7
03/08/1985,
10/08/1985,344.7
17/08/1985,344.5
24/08/1985,344.3
31/08/1985,343.7
07/09/1985,344.2
14/09/1985,343.3
21/09/1985,342.4
28/09/1985,342.1
05/10/1985,342.4
12/10/1985,342.5
19/10/1985,343.1
26/10/1985,343.2
02/11/1985,343.3
09/11/1985,343.7
16/11/1985,344.2
23/11/1985,344.6
30/11/1985,345.3
07/12/1985,345.3
14/12/1985,345.6
21/12/1985,345.1
28/12/1985,346.3
04/01/1986,346.4
11/01/1986,346
18/01/1986,346.2
25/01/1986,346.4
01/02/1986,346.2
08/02/1986,346.8
15/02/1986,347.1
22/02/1986,347.2
01/03/1986,347
08/03/1986,346.6
15/03/1986,347.2
22/03/1986,349.1
29/03/1986,348.8
05/04/1986,349.2
12/04/1986,349.4
19/04/1986,349.3
26/04/1986,350.2
03/05/1986,349.9
10/05/1986,350.1
17/05/1986,350.2
24/05/1986,350.1
31/05/1986,350.1
07/06/1986,349.7
14/06/1986,349.5
21/06/1986,349.4
28/06/1986,348.9
05/07/1986,348.6
12/07/1986,347.7
19/07/1986,347.6
26/07/1986,347.4
02/08/1986,346.6
09/08/1986,346.2
16/08/1986,345.5
23/08/1986,345.6
30/08/1986,345.2
06/09/1986,345
13/09/1986,345.3
20/09/1986,344.4
27/09/1986,344.5
04/10/1986,343.9
11/10/1986,344.1
18/10/1986,343.9
25/10/1986,344.5
01/11/1986,345.1
08/11/1986,345.3
15/11/1986,345.6
22/11/1986,345.7
29/11/1986,346.4
06/12/1986,346.9
13/12/1986,346.7
20/12/1986,346.9
27/12/1986,347
03/01/1987,347.6
10/01/1987,348.3
17/01/1987,348.2
24/01/1987,347.9
31/01/1987,348
07/02/1987,347.9
14/02/1987,348.2
21/02/1987,348.5
28/02/1987,349.4
07/03/1987,348.8
14/03/1987,349.2
21/03/1987,349.7
28/03/1987,350.2
04/04/1987,350.8
11/04/1987,350.2
18/04/1987,351.1
25/04/1987,351.3
02/05/1987,351.4
09/05/1987,352
16/05/1987,351.7
23/05/1987,351.9
30/05/1987,351.7
06/06/1987,351.6
13/06/1987,351.1
20/06/1987,351
27/06/1987,350.9
04/07/1987,349.7
11/07/1987,349.8
18/07/1987,348.8
25/07/1987,349.5
01/08/1987,349
08/08/1987,348.1
15/08/1987,348.6
22/08/1987,348
29/08/1987,346.7
05/09/1987,347
12/09/1987,346.6
19/09/1987,346.2
26/09/1987,345.8
03/10/1987,345.7
10/10/1987,346.3
17/10/1987,346.5
24/10/1987,346.8
31/10/1987,346.9
07/11/1987,347.3
14/11/1987,347.6
21/11/1987,348.1
28/11/1987,348.7
05/12/1987,348.6
12/12/1987,348.8
19/12/1987,349.1
26/12/1987,349.2
02/01/1988,349.7
09/01/1988,350.2
16/01/1988,350.2
23/01/1988,350.7
30/01/1988,351.2
06/02/1988,351.8
13/02/1988,351.3
20/02/1988,351.5
27/02/1988,352.5
05/03/1988,352.8
12/03/1988,351.8
19/03/1988,351.7
26/03/1988,352.2
02/04/1988,353.1
09/04/1988,353.5
16/04/1988,353.1
23/04/1988,354
30/04/1988,354.2
07/05/1988,353.7
14/05/1988,354.3
21/05/1988,354.5
28/05/1988,354.2
04/06/1988,354.1
11/06/1988,354.2
18/06/1988,353.6
25/06/1988,353.1
02/07/1988,353
09/07/1988,352.5
16/07/1988,352.6
23/07/1988,351.9
30/07/1988,351.1
06/08/1988,350.9
13/08/1988,350.3
20/08/1988,350.4
27/08/1988,349.6
03/09/1988,349.3
10/09/1988,348.7
17/09/1988,348.9
24/09/1988,348.1
01/10/1988,348.8
08/10/1988,348.8
15/10/1988,348.6
22/10/1988,349.4
29/10/1988,349.2
05/11/1988,349.7
12/11/1988,349.8
19/11/1988,350.1
26/11/1988,350.4
03/12/1988,350.5
10/12/1988,351
17/12/1988,351.6
24/12/1988,351.3
31/12/1988,352.4
07/01/1989,352.7
14/01/1989,352.9
21/01/1989,352.5
28/01/1989,353
04/02/1989,352.8
11/02/1989,352.6
18/02/1989,353.2
25/02/1989,353.4
04/03/1989,353.1
11/03/1989,353.4
18/03/1989,353.5
25/03/1989,354.4
01/04/1989,354.5
08/04/1989,355
15/04/1989,355.4
22/04/1989,356
29/04/1989,355.9
06/05/1989,355.3
13/05/1989,355.8
20/05/1989,355.6
27/05/1989,355.7
03/06/1989,355.8
10/06/1989,355
17/06/1989,354.8
24/06/1989,354.9
01/07/1989,354.5
08/07/1989,354.7
15/07/1989,353.8
22/07/1989,353.1
29/07/1989,353.2
05/08/1989,352.6
12/08/1989,352.2
19/08/1989,351.1
26/08/1989,350.4
02/09/1989,350.7
09/09/1989,350.2
16/09/1989,349.4
23/09/1989,349.3
30/09/1989,349.7
07/10/1989,349.9
14/10/1989,349.7
21/10/1989,350.2
28/10/1989,350.4
04/11/1989,350.6
11/11/1989,351.2
18/11/1989,351.6
25/11/1989,351.4
02/12/1989,352
09/12/1989,352.1
16/12/1989,352.4
23/12/1989,352.5
30/12/1989,353.4
06/01/1990,353.4
13/01/1990,353.5
20/01/1990,353.8
27/01/1990,353.9
03/02/1990,354.1
10/02/1990,355
17/02/1990,354.8
24/02/1990,354.7
03/03/1990,355.7
10/03/1990,354.9
17/03/1990,355.8
24/03/1990,355.1
31/03/1990,355.9
07/04/1990,356.1
14/04/1990,355.9
21/04/1990,356.6
28/04/1990,356.1
05/05/1990,357.3
12/05/1990,357
19/05/1990,356.9
26/05/1990,357.1
02/06/1990,357
09/06/1990,356.6
16/06/1990,355.6
23/06/1990,355.5
30/06/1990,355.7
07/07/1990,355.5
14/07/1990,354
21/07/1990,354.5
28/07/1990,354.7
04/08/1990,353.5
11/08/1990,353.2
18/08/1990,352.9
25/08/1990,352
01/09/1990,350.9
08/09/1990,350.7
15/09/1990,351.3
22/09/1990,350.9
29/09/1990,350.9
06/10/1990,351.1
13/10/1990,351
20/10/1990,351.4
27/10/1990,351.4
03/11/1990,352.1
10/11/1990,352.6
17/11/1990,353
24/11/1990,353.1
01/12/1990,353.6
08/12/1990,354
15/12/1990,353.8
22/12/1990,354.5
29/12/1990,354.8
05/01/1991,354.2
12/01/1991,354.7
19/01/1991,354.8
26/01/1991,355
02/02/1991,355.2
09/02/1991,355.2
16/02/1991,356.4
23/02/1991,355.8
02/03/1991,356.4
09/03/1991,357.2
16/03/1991,357.6
23/03/1991,356.9
30/03/1991,357.9
06/04/1991,358.3
13/04/1991,357.8
20/04/1991,359.1
27/04/1991,359.2
04/05/1991,359.1
11/05/1991,358.9
18/05/1991,360
25/05/1991,359
01/06/1991,358.5
08/06/1991,358.4
15/06/1991,358.2
22/06/1991,358.1
29/06/1991,357.7
06/07/1991,357.2
13/07/1991,356.5
20/07/1991,355.2
27/07/1991,355.3
03/08/1991,354.8
10/08/1991,354.6
17/08/1991,353.7
24/08/1991,353
31/08/1991,353.2
07/09/1991,353
14/09/1991,352.1
21/09/1991,351.8
28/09/1991,351.6
05/10/1991,351.7
12/10/1991,352.1
19/10/1991,352.5
26/10/1991,352.7
02/11/1991,353.4
09/11/1991,353.7
16/11/1991,353.5
23/11/1991,353.8
30/11/1991,354.3
07/12/1991,354.5
14/12/1991,354.9
21/12/1991,355.2
28/12/1991,355.5
04/01/1992,355.6
11/01/1992,356
18/01/1992,356.1
25/01/1992,355.9
01/02/1992,356
08/02/1992,356.7
15/02/1992,357.3
22/02/1992,356.9
29/02/1992,356.5
07/03/1992,357.3
14/03/1992,357.8
21/03/1992,358.1
28/03/1992,358.4
04/04/1992,358.5
11/04/1992,358.9
18/04/1992,359.7
25/04/1992,359.2
02/05/1992,359.6
09/05/1992,359.7
16/05/1992,358.6
23/05/1992,359.6
30/05/1992,360.2
06/06/1992,360
13/06/1992,359.4
20/06/1992,358.7
27/06/1992,358.4
04/07/1992,358.4
11/07/1992,357.2
18/07/1992,356.3
25/07/1992,356.1
01/08/1992,354.9
08/08/1992,355.3
15/08/1992,355.3
22/08/1992,354.5
29/08/1992,354.3
05/09/1992,353.5
12/09/1992,353.6
19/09/1992,352.3
26/09/1992,352.7
03/10/1992,353.6
10/10/1992,353.3
17/10/1992,353.2
24/10/1992,353.5
31/10/1992,353.5
07/11/1992,353.9
14/11/1992,353.8
21/11/1992,354.5
28/11/1992,354.6
05/12/1992,354.8
12/12/1992,355.3
19/12/1992,355.4
26/12/1992,355.9
02/01/1993,356.2
09/01/1993,356.9
16/01/1993,356.7
23/01/1993,356.6
30/01/1993,357
06/02/1993,356.6
13/02/1993,357.2
20/02/1993,357.3
27/02/1993,357.6
06/03/1993,358.3
13/03/1993,358.5
20/03/1993,358.1
27/03/1993,358.8
03/04/1993,359.1
10/04/1993,358.8
17/04/1993,359.4
24/04/1993,360
01/05/1993,359.6
08/05/1993,359.7
15/05/1993,360.7
22/05/1993,360.6
29/05/1993,360.3
05/06/1993,359.7
12/06/1993,359.9
19/06/1993,359.3
26/06/1993,359.1
03/07/1993,357.9
10/07/1993,358
17/07/1993,358.1
24/07/1993,356.6
31/07/1993,356.5
07/08/1993,355.8
14/08/1993,355.9
21/08/1993,354.9
28/08/1993,354.7
04/09/1993,354.3
11/09/1993,353.2
18/09/1993,353.8
25/09/1993,353.8
02/10/1993,353.8
09/10/1993,353.8
16/10/1993,354
23/10/1993,354.4
30/10/1993,354.3
06/11/1993,354.7
13/11/1993,355.1
20/11/1993,355.6
27/11/1993,356
04/12/1993,356.2
11/12/1993,356.5
18/12/1993,356.9
25/12/1993,357.5
01/01/1994,358.1
08/01/1994,358.1
15/01/1994,358.4
22/01/1994,358.3
29/01/1994,358.7
05/02/1994,358.4
12/02/1994,358.6
19/02/1994,359
26/02/1994,359.6
05/03/1994,358.7
12/03/1994,359.8
19/03/1994,360.4
26/03/1994,360.8
02/04/1994,360.6
09/04/1994,361
16/04/1994,361
23/04/1994,361.3
30/04/1994,362.2
07/05/1994,361.6
14/05/1994,361.4
21/05/1994,361.7
28/05/1994,361.9
04/06/1994,361
11/06/1994,361
18/06/1994,360.9
25/06/1994,360.7
02/07/1994,360.2
09/07/1994,359.9
16/07/1994,359.4
23/07/1994,359
30/07/1994,358.8
06/08/1994,358.1
13/08/1994,357.5
20/08/1994,357.6
27/08/1994,356.3
03/09/1994,356.4
10/09/1994,356.4
17/09/1994,355.4
24/09/1994,355.5
01/10/1994,355.4
08/10/1994,355.8
15/10/1994,356
22/10/1994,356.3
29/10/1994,356.6
05/11/1994,356.9
12/11/1994,357.4
19/11/1994,357.9
26/11/1994,358.1
03/12/1994,358.4
10/12/1994,359.1
17/12/1994,359.2
24/12/1994,359.1
31/12/1994,359.5
07/01/1995,359.6
14/01/1995,360.2
21/01/1995,360.1
28/01/1995,360
04/02/1995,360.6
11/02/1995,361
18/02/1995,360.8
25/02/1995,361.3
04/03/1995,362.2
11/03/1995,361.2
18/03/1995,360.9
25/03/1995,362
01/04/1995,363.8
08/04/1995,363.4
15/04/1995,363.3
22/04/1995,362.8
29/04/1995,363.5
06/05/1995,363.2
13/05/1995,364.1
20/05/1995,364.1
27/05/1995,363.4
03/06/1995,363.9
10/06/1995,363.4
17/06/1995,362.9
24/06/1995,362.8
01/07/1995,362.5
08/07/1995,362.2
15/07/1995,361.9
22/07/1995,361.5
29/07/1995,360.9
05/08/1995,360.4
12/08/1995,359.2
19/08/1995,358.7
26/08/1995,359.2
02/09/1995,357.3
09/09/1995,358.5
16/09/1995,358.5
23/09/1995,358.2
30/09/1995,357.5
07/10/1995,357.6
14/10/1995,357.6
21/10/1995,358
28/10/1995,358.2
04/11/1995,359.1
11/11/1995,359.4
18/11/1995,359.6
25/11/1995,359.8
02/12/1995,360.1
09/12/1995,360.4
16/12/1995,360.5
23/12/1995,360.8
30/12/1995,361.7
06/01/1996,361.8
13/01/1996,362
20/01/1996,362.1
27/01/1996,362.2
03/02/1996,362.6
10/02/1996,363.1
17/02/1996,363
24/02/1996,364
02/03/1996,363.8
09/03/1996,363.6
16/03/1996,364.1
23/03/1996,364.5
30/03/1996,364.3
06/04/1996,364.5
13/04/1996,364.8
20/04/1996,364.4
27/04/1996,365.1
04/05/1996,364.9
11/05/1996,365.3
18/05/1996,365.7
25/05/1996,365.4
01/06/1996,364.8
08/06/1996,365.1
15/06/1996,365.2
22/06/1996,365
29/06/1996,364.3
06/07/1996,364.1
13/07/1996,363.7
20/07/1996,363.3
27/07/1996,362.8
03/08/1996,361.7
10/08/1996,362.1
17/08/1996,361.2
24/08/1996,360.8
31/08/1996,360.8
07/09/1996,359.8
14/09/1996,359.8
21/09/1996,359
28/09/1996,359
05/10/1996,359.4
12/10/1996,359.5
19/10/1996,359.8
26/10/1996,359.8
02/11/1996,359.9
09/11/1996,360.5
16/11/1996,360.7
23/11/1996,361.2
30/11/1996,361.4
07/12/1996,361.9
14/12/1996,362.6
21/12/1996,362.4
28/12/1996,362.6
04/01/1997,362.9
11/01/1997,363
18/01/1997,363.1
25/01/1997,363.5
01/02/1997,363.2
08/02/1997,364.1
15/02/1997,364
22/02/1997,364.2
01/03/1997,364.5
08/03/1997,364.1
15/03/1997,364.1
22/03/1997,364.7
29/03/1997,365.4
05/04/1997,365.8
12/04/1997,366.2
19/04/1997,366.6
26/04/1997,366.7
03/05/1997,366.7
10/05/1997,366.8
17/05/1997,367
24/05/1997,366.6
31/05/1997,366.3
07/06/1997,365.7
14/06/1997,365.6
21/06/1997,365.5
28/06/1997,365.1
05/07/1997,365
12/07/1997,364.6
19/07/1997,364.1
26/07/1997,363.8
02/08/1997,363.3
09/08/1997,363.3
16/08/1997,362.6
23/08/1997,361.5
30/08/1997,361.6
06/09/1997,360.6
13/09/1997,360.2
20/09/1997,360
27/09/1997,359.8
04/10/1997,360.5
11/10/1997,360.4
18/10/1997,361
25/10/1997,361.1
01/11/1997,361.7
08/11/1997,362.1
15/11/1997,362
22/11/1997,362.6
29/11/1997,363.5
06/12/1997,363.9
13/12/1997,363.9
20/12/1997,364.2
27/12/1997,365
03/01/1998,365.2
10/01/1998,365.3
17/01/1998,365.3
24/01/1998,365.3
31/01/1998,365.6
07/02/1998,366
14/02/1998,365.5
21/02/1998,366
28/02/1998,367.3
07/03/1998,367
14/03/1998,366.6
21/03/1998,367.4
28/03/1998,368.5
04/04/1998,368.6
11/04/1998,368.6
18/04/1998,368
25/04/1998,368.9
02/05/1998,369.1
09/05/1998,368.8
16/05/1998,368.5
23/05/1998,369.6
30/05/1998,369.7
06/06/1998,369.4
13/06/1998,368.8
20/06/1998,368.5
27/06/1998,368.3
04/07/1998,368
11/07/1998,367.5
18/07/1998,367.6
25/07/1998,367.3
01/08/1998,366.8
08/08/1998,366.4
15/08/1998,365.6
22/08/1998,365.6
29/08/1998,364.2
05/09/1998,364.7
12/09/1998,363.9
19/09/1998,363.5
26/09/1998,363.6
03/10/1998,364
10/10/1998,364.1
17/10/1998,364.4
24/10/1998,364.4
31/10/1998,364.7
07/11/1998,365
14/11/1998,365.4
21/11/1998,365.8
28/11/1998,366
05/12/1998,366.4
12/12/1998,366.7
19/12/1998,367.3
26/12/1998,367.3
02/01/1999,367.5
09/01/1999,367.8
16/01/1999,367.8
23/01/1999,368.3
30/01/1999,369.2
06/02/1999,369.1
13/02/1999,368.8
20/02/1999,369
27/02/1999,368.5
06/03/1999,368.1
13/03/1999,369.5
20/03/1999,370.2
27/03/1999,370.6
03/04/1999,371.1
10/04/1999,371.5
17/04/1999,371
24/04/1999,370.3
01/05/1999,370.8
08/05/1999,371.3
15/05/1999,371
22/05/1999,370.8
29/05/1999,370.3
05/06/1999,370.9
12/06/1999,370.3
19/06/1999,369.9
26/06/1999,369.9
03/07/1999,369.4
10/07/1999,370.1
17/07/1999,369.5
24/07/1999,368.6
31/07/1999,367.4
07/08/1999,367.6
14/08/1999,366.7
21/08/1999,366.4
28/08/1999,366.1
04/09/1999,364.1
11/09/1999,364.7
18/09/1999,365.2
25/09/1999,364.7
02/10/1999,364.5
09/10/1999,365
16/10/1999,364.9
23/10/1999,365.6
30/10/1999,365.7
06/11/1999,366.2
13/11/1999,366.7
20/11/1999,366.6
27/11/1999,367.1
04/12/1999,367.4
11/12/1999,368
18/12/1999,368
25/12/1999,368.2
01/01/2000,368.6
08/01/2000,368.5
15/01/2000,369
22/01/2000,369.8
29/01/2000,369.2
05/02/2000,369.1
12/02/2000,369.6
19/02/2000,369.3
26/02/2000,369.5
04/03/2000,370
11/03/2000,370
18/03/2000,370.9
25/03/2000,370.7
01/04/2000,370.9
08/04/2000,371.7
15/04/2000,371.8
22/04/2000,372
29/04/2000,371.3
06/05/2000,371.2
13/05/2000,371.7
20/05/2000,371.9
27/05/2000,371.8
03/06/2000,371.9
10/06/2000,371.6
17/06/2000,371.7
24/06/2000,371.3
01/07/2000,370.8
08/07/2000,370
15/07/2000,370.2
22/07/2000,369.7
29/07/2000,369
05/08/2000,368.7
12/08/2000,368.3
19/08/2000,367.7
26/08/2000,367.1
02/09/2000,367.2
09/09/2000,366.7
16/09/2000,366.2
23/09/2000,366.2
30/09/2000,366.4
07/10/2000,366.3
14/10/2000,366.6
21/10/2000,366.7
28/10/2000,367.3
04/11/2000,367.6
11/11/2000,368
18/11/2000,368.6
25/11/2000,368.3
02/12/2000,369
09/12/2000,369.6
16/12/2000,369.3
23/12/2000,369.5
30/12/2000,369.8
06/01/2001,369.8
13/01/2001,370.2
20/01/2001,369.9
27/01/2001,370.8
03/02/2001,371.3
10/02/2001,371.1
17/02/2001,371.7
24/02/2001,371.2
03/03/2001,372.2
10/03/2001,372.2
17/03/2001,372.1
24/03/2001,371.8
31/03/2001,372
07/04/2001,372.7
14/04/2001,372.7
21/04/2001,373
28/04/2001,372.7
05/05/2001,373.7
12/05/2001,373.9
19/05/2001,373.7
26/05/2001,373.9
02/06/2001,373.8
09/06/2001,373.1
16/06/2001,372.8
23/06/2001,372.9
30/06/2001,372.7
07/07/2001,372.1
14/07/2001,371.3
21/07/2001,371.2
28/07/2001,370.6
04/08/2001,369.9
11/08/2001,369.5
18/08/2001,369.3
25/08/2001,369
01/09/2001,368.4
08/09/2001,368.2
15/09/2001,368
22/09/2001,367.4
29/09/2001,367.4
06/10/2001,367.8
13/10/2001,367.6
20/10/2001,368.1
27/10/2001,368.7
03/11/2001,368.7
10/11/2001,368.8
17/11/2001,369.7
24/11/2001,370.3
01/12/2001,370.3
08/12/2001,370.8
15/12/2001,371.2
22/12/2001,371.3
29/12/2001,371.5
